<?xml version="1.0" encoding="utf-8"?>
<odoo>
    <record id="sale_order_inherit" model="ir.ui.view">
        <field name="name">sale.order.inherit</field>
        <field name="model">sale.order</field>
        <field name="inherit_id" ref="sale.view_order_form"/>
        <field name="arch" type="xml">
        <xpath expr="//button[@name='action_quotation_send']" position="before">
            <button name="button_validator1" string="Validate" type="object" class="btn-primary"
                    attrs="{'invisible': [('state', '=', 'sent')]}"/>
        </xpath>
        <xpath expr="//field[@name='partner_id']" position="before">
            <field name="job_card_no" domain="[('state', '=', 'requisition')]"
                   options='{"no_create": True,"no_open": True}'
                   groups="ab_global_autopoint.user,base.group_erp_manager"/>
        </xpath>

        <xpath expr="//field[@name='partner_id']" position="after">
            <field name="vehicle_num" groups="ab_global_autopoint.user,base.group_erp_manager" options="{'no_create': True}"/>
            <!--                <field name="requisition_id" options='{"no_create": True,"no_open": True}'  groups="ab_global_autopoint.user,base.group_erp_manager"/>-->
            <!--           after option in requisitin id     domain="[('bill_status', '=', 'to bill')]"-->

            <!--                <field name="transfer_id" options='{"no_create": True,"no_open": True}' domain="[('name', 'ilike', '%WHGAP/INT%'),('bill_status', '=', 'to bill')]" groups="ab_global_autopoint.user,base.group_erp_manager"/>-->
        </xpath>
        </field>
    </record>
    <record id="view_sales_order_tree_auto" model="ir.ui.view">
        <field name="name">Sales Order Tree</field>
        <field name="model">sale.order</field>
        <field name="inherit_id" ref="sale.view_order_tree"/>
        <field name="arch" type="xml">
            <xpath expr="//field[@name='user_id']" position="before">
                <field name="vehicle_num" groups="ab_global_autopoint.user,base.group_erp_manager"/>
            </xpath>
        </field>
    </record>

    <record id="view_sales_quotation_tree_auto" model="ir.ui.view">
        <field name="name">Sales Quotation Tree</field>
        <field name="model">sale.order</field>
        <field name="inherit_id" ref="sale.view_quotation_tree"/>
        <field name="arch" type="xml">
            <xpath expr="//field[@name='partner_id']" position="after">
                <field name="vehicle_num" groups="ab_global_autopoint.user,base.group_erp_manager"/>
            </xpath>
        </field>
    </record>

    <!-- <menuitem id="menu_sales_order" name="Sales Orders" parent="sales.menu_sale_root" sequence="10"/>-->

    <!--&lt;!&ndash; Link the sales order views to the menu &ndash;&gt;-->

    <!--<menuitem id="menu_sale_order_form" name="Sales Orders" parent="menu_sales_order" action="action_sale_order_view"/>-->

    <!--<menuitem id="menu_sale_order_tree" name="Sales Orders" parent="menu_sales_order" action="action_sale_order_tree_view"/>-->

    <!--&lt;!&ndash; Create a menu for Sales Quotations &ndash;&gt;-->

    <!--<menuitem id="menu_sales_quotation" name="Sales Quotations" parent="sales.menu_sale_root" sequence="20"/>-->

    <!--&lt;!&ndash; Link the sales quotation views to the menu &ndash;&gt;-->

    <!--<menuitem id="menu_sale_quotation_form" name="Quotations" parent="menu_sales_quotation" action="action_sale_quotation_view"/>-->

    <!--<menuitem id="menu_sale_quotation_tree" name="Quotations" parent="menu_sales_quotation" action="action_sale_quotation_tree_view"/> -->
</odoo>