<?xml version="1.0" encoding="UTF-8" ?>
<odoo>
    <data noupdate="1">
        <!-- Sequence for products -->
        <record id="product_sequence_ref" model="ir.sequence">
            <field name="name">Product Sequence</field>
            <field name="code">product.sequence.ref</field>
            <field eval="1" name="number_next" />
            <field eval="1" name="number_increment" />
            <field eval="True" name="use_date_range" />
            <field name="padding">5</field>
        </record>
        <record id="attribute_sequence_ref" model="ir.sequence">
            <field name="name">Attribute Sequence</field>
            <field name="code">attribute.sequence.ref</field>
            <field eval="1" name="number_next" />
            <field eval="1" name="number_increment" />
            <field eval="True" name="use_date_range" />
            <field name="padding">5</field>
        </record>
    </data>
</odoo>
